id	title	url
assam_museum	Assam Institute of Research：Ethnographic Museum	https://airtsc.assam.gov.in/portlets/ethnographic-museum
assam_sadiya	Tinsukia District：History	https://tinsukia.assam.gov.in/about-us/history
tripura_history	Tripura Historical Commission：History	https://thc.tripura.gov.in/history.html
unesco_nicobar	UNESCO：Nicobarese Cultural Continuity	https://whc.unesco.org/en/tentativelists/7022/
garo_tura	Meghalaya Government：Tura	https://www.meghalaya.gov.in/index.php/node/34296
tulu_nadu	Tulu Nadu 地域史	https://en.wikipedia.org/wiki/Tulu_Nadu
iranica_brahui	Encyclopaedia Iranica：BRAHUI	https://www.iranicaonline.org/articles/brahui/
iranica_nuristan	Encyclopaedia Iranica：NURISTAN	https://www.iranicaonline.org/articles/nuristan/
nfdin_magar	尼泊尔原住民族发展基金会：Magar	https://nfdin.gov.np/pages/magar/
nfdin_gurung	尼泊尔原住民族发展基金会：Gurung	https://nfdin.gov.np/pages/gurung/
nfdin_tamang	尼泊尔原住民族发展基金会：Tamang	https://nfdin.gov.np/pages/tamang/
maxplanck_berta	Max Planck Research Library：Borders in the Blue Nile region	https://mprl-series.mpg.de/studies/14/7/index.html
wolaita_history	Wolaita Zone：Structure	https://wolaita.gov.et/en/structure/
wb_tanzania	Tanzania SEQUIP：Indigenous Peoples Planning Framework，传统居地章节	https://documents1.worldbank.org/curated/en/379101575044094798/pdf/IP-SSAHUTLC-Planning-Framework-Tanzania-Secondary-Education-Quality-Improvement-Project-SEQUIP-P170480.pdf
baga_1793	History in Africa：Who and Where Were the Baga? European Perceptions from 1793 to 1821	https://www.cambridge.org/core/journals/history-in-africa/article/abs/who-and-where-were-the-baga-european-perceptions-from-1793-to-18211/EC5871A6E43E9E8A73BAD914FC6A9E06
burji_mpg	Max Planck Institute for Social Anthropology：Working Paper 113，Burji历史迁徙	https://www.eth.mpg.de/3330792/mpi-eth-working-paper-0113.pdf
unesco_bassari	UNESCO：Bassari Country — Bassari, Fula and Bedik Cultural Landscapes	https://whc.unesco.org/en/list/1407/
orang_asli_land	IIUM Law Journal：Acknowledging Land Rights of the Orang Asli — A Historical Perspective	https://journals.iium.edu.my/iiumlj/index.php/iiumlj/article/view/309
unesco_toraja	UNESCO：Tana Toraja Traditional Settlement	https://whc.unesco.org/en/tentativelists/5462/
tolaki_dapobas	印尼教育文化部门语言数据库：Tolaki	https://dapobas.kemendikdasmen.go.id/home?id=286&show=isidata
bahnar_dega	Dega Central Highlands Organization：The Bahnar	https://www.deganation.org/knowledgebase/the-dega-people/the-bahnar
neac_palaung	国家民委：德昂族概况	https://www.neac.gov.cn/seac/ztzl/daz/gk.shtml
neac_qiang	国家民委：羌族历史沿革	https://www.neac.gov.cn/seac/ztzl/201806/1067473.shtml
neac_naxi	国家民委：纳西族历史沿革	https://www.neac.gov.cn/seac/ztzl/201806/1067945.shtml
neac_shui	国家民委：水族概况	https://www.neac.gov.cn/seac/ztzl/shuiz/gk.shtml
neac_pumi	国家民委：普米族历史沿革	https://www.neac.gov.cn/seac/ztzl/pmz/lsyg.shtml
neac_monguor	国家民委：土族历史沿革	https://www.neac.gov.cn/seac/ztzl/tz/lsyg.shtml
neac_gelao	国家民委：仡佬族概况	https://www.neac.gov.cn/seac/ztzl/glz/gk.shtml
neac_derung	国家民委：独龙族历史沿革	https://www.neac.gov.cn/seac/ztzl/dlz/lsyg.shtml
neac_nu	国家民委：怒族历史沿革	https://www.neac.gov.cn/seac/ztzl/nz/lsyg.shtml
neac_bonan	国家民委：保安族历史沿革	https://www.neac.gov.cn/seac/ztzl/baz/lsyg.shtml
neac_blang	国家民委：布朗族概况	https://www.neac.gov.cn/seac/ztzl/blz/gk.shtml
ncca_cordillera	Philippines NCCA：Ethnic History — Cordillera	https://ncca.gov.ph/about-ncca-3/subcommissions/subcommission-on-cultural-heritagesch/historical-research/ethnic-history-cordillera/
moronene_brwa	BRWA传统领地登记：Hukae Laea	https://brwa.id/profil/1391
calusa_museum	Florida Museum：The Calusa and Randell Research Center	https://www.floridamuseum.ufl.edu/rrc/blog/the-calusa-and-randell-research-center-an-introduction/
timucua_museum	Florida Museum：The Timucua in St. Augustine	https://www.floridamuseum.ufl.edu/staugustine/timeline/the-timucua-in-st-augustine/
tsha_atakapa	Texas State Historical Association：Atakapa Indians	https://www.tshaonline.org/handbook/entries/atakapa-indians
nps_natchez	National Park Service：Natchez Trace — American Indian History	https://home.nps.gov/natr/learn/historyculture/american-indian-history.htm
swanton_1911	Smithsonian BAE Bulletin 43：Indian Tribes of the Lower Mississippi Valley and Adjacent Coast of the Gulf of Mexico (1911)	https://repository.si.edu/bitstream/handle/10088/15511/bulletin431911smit.pdf
nps_ohlone	National Park Service：Ohlones and Coast Miwoks	https://www.nps.gov/goga/learn/historyculture/ohlones-and-coast-miwoks.htm?fullweb=1
oregon_kalapuya	Oregon Encyclopedia：Kalapuyan Peoples	https://www.oregonencyclopedia.org/articles/kalapuyan_peoples/pdf/
california_museum	California State Indian Museum：Guide for Educators，传统文化地图	https://www.parks.ca.gov/pages/486/files/GuideforEducatorsStateIndianMuseum2015_03_23_15.pdf
yakama_history	Yakama Nation：About	https://yakama.com/about/
chinook_nation	Chinook Indian Nation：Who We Are	https://chinooknation.org/who-we-are/
oregon_molalla	Oregon Encyclopedia：Molalas	https://www.oregonencyclopedia.org/articles/molalas/
chitimacha_nation	Chitimacha Tribe：Tribal History	https://chitimacha.gov/history-culture/tribal-history
nps_takelma	National Park Service：Takelma Tribe	https://home.nps.gov/orca/learn/historyculture/takelma-tribe.htm
klamath_tribes	Klamath Tribes：History	https://klamathtribes.org/history/
ctuir_history	Confederated Tribes of the Umatilla Indian Reservation：History & Culture	https://ctuir.org/about/history-culture
nps_modoc	National Park Service：Modoc Homeland	https://www.nps.gov/labe/learn/historyculture/modochomeland.htm
tocobaga_uf	University of Florida digital collection：Tocobaga / Tampa Bay study	https://ufdcimages.uflib.ufl.edu/AA/00/06/13/89/00001/AA00061389_00001.pdf
oregon_coos	Oregon Encyclopedia：Hanis Coos — Kowes	https://www.oregonencyclopedia.org/articles/hanis-coos-kowes/
tlingit_alaska	Alaska Travel Industry Association：Tlingit, Haida, Eyak & Tsimshian	https://www.travelalaska.com/things-to-do/alaska-native-culture/cultures/tlingit-haida-eyak-tsimshian
eyak_nation	Native Village of Eyak	https://www.eyak-nsn.gov/
tsha_bidai	Texas State Historical Association：Bidai Indians	https://www.tshaonline.org/handbook/entries/bidai-indians
tsha_jumano	Texas State Historical Association：Jumano Indians	https://www.tshaonline.org/handbook/entries/jumano-indians
conchos_monument	墨西哥文化部门：San Francisco de Conchos历史档案	https://sitiosymonumentos.cultura.gob.mx/iii-estudios-monograficos/san-francisco-5/
tsha_coahuiltecan	Texas State Historical Association：Coahuiltecan Indians	https://www.tshaonline.org/handbook/entries/coahuiltecan-indians
guamar_history	瓜纳华托地方史：Cuerámaro	https://portalsocial.guanajuato.gob.mx/sites/default/files/documentos/2010_CEOCB_monografia%20Cueramaro.pdf
inpi_chichimeca	INPI国家原住民族目录：Chichimeco	https://catalogo.inpi.gob.mx/chichimeco/
opata_nation	Opata Nation：Opatería	https://opatanation.org/opateria
tepecano_research	Arqueología Iberoamericana：Bolaños / Tepecano地域研究	https://www.laiesken.net/arqueologia/pdf/2021/AI4711.pdf
acaxee_ilce	ILCE：Sinaloa历史 — 山区居民	https://bibliotecadigital.ilce.edu.mx/sites/estados/libros/sinaloa/html/sec_22.html
sinaloa_semarnat	SEMARNAT数字文库：锡那罗亚历史族群地理	https://biblioteca.semarnat.gob.mx/janium/Documentos/Ciga/libros2023/CD010053.pdf
caxcan_inah	INAH：Caxcan / Juchipila — El Teúl区域研究	https://revistas.inah.gob.mx/index.php/noroestedemexico/article/download/22277/23766
raramuri_inpi	INPI：Tarahumaras — Etnografía	https://atlas.inpi.gob.mx/tarahumaras-etnografia/
tamaulipas_history	Gobierno de Tamaulipas：Historia	https://www.tamaulipas.gob.mx/estado/historia/
south_tepehuan_inpi	INPI：Tepehuanos del Sur — Etnografía	https://atlas.inpi.gob.mx/tepehuanos-del-sur-etnografia/
guasave_history	Municipio de Guasave：Historia de Guasave	https://guasave.gob.mx/s/historia-de-guasave/
tsha_toboso	Texas State Historical Association：Toboso Indians	https://www.tshaonline.org/handbook/entries/toboso-indians
guancavilca_inpc	INPC Ecuador：Camino de los Dioses Guancavilcas	https://www.patrimoniocultural.gob.ec/camino-de-los-dioses-guancavilcas/
tallan_municipal	Catacaos市政府：Complejo Arqueológico Monumental de Narihualá	https://www.gob.pe/institucion/municatacaos/informes-publicaciones/7301029-complejo-arqueologico-monumental-de-narihuala
jama_met	Metropolitan Museum of Art：Jama-Coaque藏品与文化地理	https://collectionapi.metmuseum.org/art/collection/search/314183
canar_inpc	INPC Ecuador：Cañar	https://www.patrimoniocultural.gob.ec/canar/
licanantay_museum	Museo Histórico Nacional de Chile：El mundo es uno solo y diverso	https://www.mhn.gob.cl/sites/www.mhn.gob.cl/files/2025-06/book_El%20mundo%20es%20uno%20solo%20y%20diverso_1.pdf
caranqui_research	PUCE Cuadernos de Antropología：Caranqui地区研究	https://www.cuadernosdeantropologia-puce.edu.ec/index.php/antropologia/article/view/61
casma_penn	Penn Museum Expedition：Life on the Frontier in Ancient Peru	https://www.penn.museum/sites/expedition/life-on-the-frontier-in-ancient-peru/
pashash_uea	University of East Anglia：Pashash y su cultura milenaria	https://research-portal.uea.ac.uk/en/publications/pashash-y-su-cultura-milenaria/
guayacundo_pucp	Boletín de Arqueología PUCP：La etnia guayacundo en la sierra piurana	https://revistas.pucp.edu.pe/index.php/boletindearqueologia/es/article/view/2003
chiribaya_museum	Ministerio de Cultura del Perú：Museo Chiribaya	https://museos.cultura.pe/node/313
gptsachila	Gobierno Provincial Tsáchila：Datos Generales	https://gptsachila.gob.ec/datos-generales/
cholon_research	Dartmouth Linguistic Discovery：Cholón and the linguistic prehistory of Northern Peru	https://journals.dartmouth.edu/journals/xmlpage/1/article/513?htmlOnce=yes
mayangna_marena	Nicaragua MARENA：Marco de Planificación de Pueblos Indígenas	https://www.marena.gob.ni/Enderedd/wp-content/uploads/Fases/11.%20Marco%20de%20Planificacion%20de%20Pueblos%20Indigenas.pdf
chillque_research	UNSAAC：Pacaritambo / Chillque区域研究	https://repositorio.unsaac.edu.pe/bitstream/handle/20.500.12918/9462/253T20240847_TC.pdf?sequence=1
pamplona_history	Universidad de Pamplona：Historia de Pamplona	https://www.unipamplona.edu.co/unipamplona/portalIG/home_174/recursos/pamplona/11032015/historia_pamplona.jsp
onic_uwa	Organización Nacional Indígena de Colombia：U’wa	https://www.onic.org.co/uwa/
tastil_museum	Secretaría de Cultura de Salta：Museo de Sitio de Santa Rosa de Tastil	https://culturasalta.gov.ar/organismos_cultura/museo-de-sitio-de-santa-rosa-de-tastil/
collique_history	Municipalidad de Los Olivos：Memoria Anual 2017，Collec历史	https://munilosolivos.gob.pe/transparencia_mdlo/doc_transparencia/Documentos_Gestion/Memoria_Anual/MEMORIA_2017.pdf
canta_research	Universidad Nacional de Educación：Canta / Chillón历史地理研究	https://repositorio.une.edu.pe/bitstreams/cbe23970-9ff2-4731-af80-77e30eba7275/download
onic_nutabe	Organización Nacional Indígena de Colombia：Nutabe	https://www.onic.org.co/nutabe/
awa_minambiente	Colombia Ministerio de Ambiente：Plan de manejo ambiental y cultural，Pueblo Awá	https://visionamazonia.minambiente.gov.co/content/uploads/2021/12/Plan-de-manejo-Ambiental-y-Cultural-VF-14-10-2021-comprimido.pdf
embera_panama	Panamá Ministerio de Gobierno：Gobernación de la comarca Emberá Wounaan	https://www.mingob.gob.pa/gobernacion-la-comarca-embera-wounaan/
omaguaca_history	Pueblos Originarios：Omaguaca	https://pueblosoriginarios.com/sur/andina/omaguaca/omaguaca.html
