key	core	anchors	source	grade	limitation
tani_culture	西亚昂—苏班西里河谷及齐罗盆地	siang,subansiri,ziro	wiki:Tani_peoples	ethnographic_backcast	只取阿迪、加洛、尼西、阿帕塔尼共享的东喜马拉雅区域；现代统称不等于古代统一民族国家。
bodo_culture	博多科克拉贾尔；拉巴下阿萨姆；蒂瓦中阿萨姆；迪马萨迈邦；楚蒂亚与德奥里上阿萨姆萨迪亚	kokrajhar,goalpara,morangi,maibong,sadiya	assam_museum,assam_sadiya	composite_member_cores	逐个保留六个成员的聚居区域，不按博多语言族或楚蒂亚王国最大疆域外推；萨迪亚在游戏落东喜马拉雅州。
nagpuri_culture	乔塔那格浦尔中部兰契—那格普里地区	ranchi	wiki:Nagpuria_people	ethnographic_backcast	萨丹/那格普里不是那格浦尔市居民；不给整个印地语区本土。
koch_culture	下阿萨姆—库奇比哈尔	koch_bihar,dhubri	wiki:Koch_people	ethnographic_backcast	仅下布拉马普特拉与库奇核心；不继承科赫王朝全境，也不等同所有拉杰邦西人口。
tripuri_culture	特里普拉丘陵及乌代布尔旧都附近	agartala,pilak	tripura_history	historical_core	使用有记录的特里普拉核心，不采用三千年王统传说或现代跨境迁入分布。
munda_culture	兰契周围乔塔那格浦尔高原	ranchi	wiki:Munda_people	ethnographic_backcast	只指蒙达人本身，不把整个蒙达语族的全部故土交给这个文化。
karbi_culture	米基尔—卡尔比山地、迪普地区	diphu	wiki:Karbi_people	ethnographic_backcast	只取卡尔比山地核心，不以同语言关系扩展至全部阿萨姆。
mishmi_culture	迪邦与洛希特上游	dibang,walong	wiki:Mishmi_people	ethnographic_backcast	包括源标签下米什米成员的相邻河谷；不包括整个藏东南。
nicobarese_culture	尼科巴群岛中部及卡尔尼科巴	car_nicobar,nicobar	unesco_nicobar	ethnographic_backcast	游戏把尼科巴地点落入勃固州；这是州级尺度限制，不表示缅甸大陆是尼科巴文化核心，也不包含安达曼原住民。
shina_culture	吉尔吉特与印度河上游的希纳语聚居谷地	gilgit	wiki:Shina_people	ethnographic_backcast	不把整个达尔德地区等同希纳民族；只落吉尔吉特核心所在游戏州。
banjara	流动贸易群体，各地坦达聚落缺少统一的18世纪固定核心	-	wiki:Banjara	withheld_mobile_identity	不把流动贸易路线、拉其普特起源传说或现代散布范围转成全国本土。设计结论为不新增固定本土；不是认定其没有历史。
santal_culture	乔塔那格浦尔东部—曼布姆旧聚居带	barabhum,bankura	wiki:Santal_people	ethnographic_backcast	不把1832年后达明伊科/拉杰马哈尔大规模殖民安置倒推到1780年。
malto_culture	拉杰马哈尔山地原有帕哈里亚聚居核心	rajmahal	wiki:Sauria_Paharia_people	ethnographic_backcast	地区晚近桑塔尔移民不能替代原有马尔托身份；也不把所有马尔帕哈里亚语言无差别并入。
kurukh_culture	兰契—古姆拉的乔塔那格浦尔核心	ranchi,khukhragarh	wiki:Kurukh_people	ethnographic_backcast	不用无法定年的南印度起源传说，也不扩至19世纪茶园劳工迁入地区。
garo_culture	加罗丘陵、图拉周边	ruga,chisobibra	garo_tura	ethnographic_backcast	以加罗丘陵作区域见证；不把阿萨姆邦整体视为同质加罗居民。
nimadi	纳尔默达河谷尼马尔地区	maheshwar,khandwa	wiki:Nimadi_language	ethnographic_backcast	按有地理范围的区域文化处理；不是用语言相同替换民族，不扩成整个摩腊婆。
korku_culture	萨特普拉—贝图尔、梅尔加特山地	kherla,gawilgarh	wiki:Korku_people	ethnographic_backcast	只取中印度萨特普拉核心；不用蒙达语族共有范围。
chakma_culture	吉大港山地及兰加马蒂	chakma,rangamati	wiki:Chakma_people	historical_core	18世纪已有山地政社记录；不把全部吉大港沿海或现代印度迁居地视为本土。
sora_culture	甘贾姆—斯里卡库兰内陆丘陵	ganjam,kalingapattanam	wiki:Sora_people	ethnographic_backcast	采用丘陵旧聚居区，不延伸为整个奥里萨或泰卢固海岸。
tuluva	图卢纳杜沿海、芒格洛尔	mangalore	tulu_nadu	historical_core	仅卡纳拉南段核心；不采用整个卡纳塔克王国范围。
ho_culture	辛格布姆—科尔汗山地	chaibasa,porahat	wiki:Ho_people	ethnographic_backcast	不把全部蒙达语族地区视为何人故土；也不将19世纪行政边界当作古代边界。
brahui_culture	卡拉特高地	kalat	iranica_brahui	historical_core	保留婆罗灰居民身份；不以俾路支统治政权疆域或达罗毗荼语言亲缘外推。
khond_culture	坎达马尔及邻近奥里萨丘陵	phulbani	wiki:Khond_people	ethnographic_backcast	仅坎达马尔核心；不继承全部奥里萨领土。
pamiri_culture	巴达赫尚舒格南与瓦罕谷地	shighnan,qila_panjeh	wiki:Pamiris	ethnographic_backcast	源标签为多个东伊朗山地社群的宽泛集合；限实际帕米尔谷地，不等同塔吉克全域。
kharia_culture	古姆拉—辛德加的乔塔那格浦尔核心	khukhragarh	wiki:Kharia_people	ethnographic_backcast	高原核心为保守交集；平原及山地支系外围未据此全部宣称。
magar_culture	尼泊尔西部甘达基—帕尔帕山地	tansen	nfdin_magar	ethnographic_backcast	不将廓尔喀军人海外驻扎地区变成本土，不覆盖整个尼泊尔。
gurung_culture	安纳普尔纳南侧、拉姆琼—卡斯基	lamjung,pokhara	nfdin_gurung	ethnographic_backcast	依据传统山地核心；不把现代廓尔喀侨居地或全部藏缅语地区算入。
pashayi_culture	拉格曼、阿利尚与达拉伊努尔谷地	alishang	wiki:Pashayi_people	ethnographic_backcast	只取兴都库什南麓帕沙伊谷地，不套用普什图或努里斯坦全域。
tamang_culture	加德满都谷地周边中部山地	dhading	nfdin_tamang	ethnographic_backcast	山地居民核心的州级投影，不声称加德满都市区同质，也不继承全部尼泊尔国家领土。
nuristani_culture	努里斯坦/历史卡菲里斯坦山谷	parun	iranica_nuristan	historical_core	1896年后的名称与伊斯兰化不反向覆盖源存档宗教；仅追加谷地本土。
bantoid	Bantoid为分类层级，固定定义未列出足以划界的居民成员	-	wiki:Bantoid_languages	withheld_label_scope	不把整个班图或班图类语言分布当作单一文化本土；需先明确源标签成员。此项完成不授予决定，身份问题仍公开保留。
benue	Benue可指地域或语言分类，现有定义缺少成员清单	-	wiki:Benue%E2%80%93Congo_languages	withheld_label_scope	不能把贝努埃—刚果语族范围授予这一源文化。保留居民人口与身份，暂不新增本土。
gonga_culture	贡加为卡法等西奥摩成员的集合，成员清单未冻结	-	wiki:Gonga_languages	withheld_label_scope	卡法资料不能自动证明所有源贡加人口来自卡法；不把全部奥摩地区一次性授予。
omo_culture	奥摩标签覆盖多个不同居民群体，边界不明确	-	wiki:Omotic_languages	withheld_label_scope	不能把奥摩河流域或奥摩语族整体当作单一历史居民共同体；暂不授予。
south_cushitic_culture	南库施分类层级未明确居民成员	-	wiki:South_Cushitic_languages	withheld_label_scope	不能把伊拉克伊人、达哈洛等已有独立身份的全部地区倒灌给集合标签；暂不授予。
daju_culture	达尔富尔尼亚拉附近的达朱旧核心	nyala	wiki:Daju_people	historical_core	限达尔富尔旧聚居核心，不继承古王国最大范围；达尔西拉支系外围未自动扩入。
dahalo_culture	塔纳河下游、肯尼亚北部海岸	central_dahalo	wiki:Dahalo_language	ethnographic_backcast	达哈洛与所有Sanye或南库施居民不能画等号；只取塔纳河下游区域。
madi_culture	莫约—尼穆莱、白尼罗河两侧	madi	wiki:Madi_people	ethnographic_backcast	以本地聚居核心为据，不把全部中苏丹语分布授予马迪文化。
gbaya_culture	中非西部布阿尔及相邻高原	bouar	wiki:Gbaya_people	ethnographic_backcast	19世纪迁徙使精确1780年边界不确定；仅传统西部核心作为设计候选，不扩为整个中非共和国。
agaw_culture	拉斯塔—瓦格及戈贾姆丹吉拉的阿高核心	lalibela,sokota,dangila	wiki:Agaw_people	historical_core	保留分散的阿高居民核心；不用扎格维王朝全域或所有埃塞俄比亚高地。
berta_culture	阿索萨—青尼罗河边缘	assosa	maxplanck_berta	ethnographic_backcast	只取阿索萨核心；现代边界两侧居民不能仅凭语言亲缘扩大到整个苏丹。
gumuz_culture	青尼罗河与贝莱斯河低地	gilgel_beles	maxplanck_berta	ethnographic_backcast	以贝莱斯河低地为核心；与贝尔塔、阿高分开，不继承宗主国家疆域。
gbari	阿布贾—瓜里腹地	kuje,zuba	wiki:Gbagyi_people	ethnographic_backcast	以联邦首都兴建前的传统聚居区为依据；不是把现代首都所有人口归为格巴里。
moru_culture	蒙德里周围赤道省西部	lado	wiki:Moru_people	ethnographic_backcast	只取蒙德里核心；不扩及全部南苏丹。 拉多仅作同一游戏赤道州的区域见证，不声称拉多居民属于莫鲁。
balanta	曼索阿—热巴、比绍内陆	bissau	wiki:Balanta_people	ethnographic_backcast	比绍为区域落州见证，不把比绍城市或现代几内亚比绍全国说成巴兰塔同质领土。
ngbandi_culture	乌班吉河上游及博索博洛附近两岸低地	bangui,bosobolo	wiki:Ngbandi_people	ethnographic_backcast	两岸聚居核心与17—19世纪迁动须区分；不继承现代国家或整个乌班吉语族范围。
banda_culture	乌阿卡及中非中东部班达传统聚居带	ouaka	wiki:Banda_people	ethnographic_backcast	19世纪战争迁徙改变分布；只取传统内陆核心，避免按现代族群比例画1780边界。
rendille_culture	图尔卡纳湖东南至马萨比特干旱地带	rendille	https://documents1.worldbank.org/curated/en/099071124150513841/pdf/P17941414d30e60c31916e18843858f269d.pdf	ethnographic_backcast	游牧季节活动区不等于全部肯尼亚北部；取湖东南核心所在州。
lugbara_culture	西尼罗阿鲁阿及刚果东北阿鲁一带	pubungu	wiki:Lugbara_people	ethnographic_backcast	现代殖民国界不切断同一聚居带。Pubungu仅为艾伯特湖—西尼罗区域落STATE_UGANDA的见证，不是认定当地布尼奥罗居民属于卢格巴拉；刚果与南苏丹外围不另扩大。州级投影仍属粗尺度推断。
idoma	奥图克波、贝努埃河南岸	katsina_ala,idah	wiki:Idoma_people	ethnographic_backcast	只取伊多马具体居民核心，不用贝努埃—刚果语言分类范围。 卡齐纳阿拉与伊达为贝努埃河南侧落州见证，限STATE_BENIN，不把整个尼日利亚高原授予。
mandja_culture	克雷贝杰—德科阿周边中非中部	krebedje	wiki:Mandja_people	ethnographic_backcast	与格巴亚、班达分别保留；19世纪迁动背景下不假装已有精确1780地图。
ometo_culture	沃莱塔索多与加莫高地	soddo,gamo	wolaita_history	ethnographic_backcast	仅奥梅托明确南埃塞俄比亚高地核心，不把整个奥摩语族等同奥梅托。
hadza_culture	埃亚西湖与亚埃达谷地	iraqw,datooga	wb_tanzania	ethnographic_backcast	晚近民族志提供传统活动核心；不采用遗传分群推导古代领土，也不把全部坦桑尼亚授予。 伊拉克乌/达托加地点仅证实埃亚西湖邻近区域落坦噶尼喀州，不表示哈扎与这些民族合并。
ijaw	尼日尔三角洲布拉斯—内姆贝水网	brass,nembe	wiki:Ijaw_people	historical_core	保留河口湿地居民核心，不外推至尼日尔河全流域。
sandawe_culture	孔多阿—琴巴丘陵	sandawe	wb_tanzania	ethnographic_backcast	桑达韦本身的坦桑尼亚核心；不采用源文件宽泛Khoisan链接推导南非本土。
baga_culture	几内亚里奥蓬戈沿岸	rio_pongo	baga_1793	historical_core	1793—1821年的欧洲观察标签不完全一致；只取可识别海岸核心，不把全部几内亚沿海等同巴加。
gola	利比里亚西北博波卢—大角山及毗邻森林	bopolu,cape_mount	wiki:Gola_people	ethnographic_backcast	只保守设置利比里亚西北核心；不把跨境森林分布自动扩为整个塞拉利昂。
burji_culture	查莫湖南部阿马罗—布尔吉高地	konso	burji_mpg	ethnographic_backcast	采用埃塞俄比亚旧居核心，不把20世纪肯尼亚移民城镇倒推至1780。 孔索地点只用于查莫湖南部区域落州，不把孔索居民改称布尔吉。
dhaasanac_culture	奥摩河下游三角洲、图尔卡纳湖北端	daasanach	wiki:Daasanach_people	ethnographic_backcast	跨州锚点只提供区域投影；不赋予整个奥摩河流域或全部湖岸。 近世迁徙年代存在19世纪定居的说法，本方案是源游戏已存在身份的传统核心回推，不是1780年定居边界已被确证。
jola	下卡萨芒斯、齐金绍尔周边	casamance	wiki:Jola_people	ethnographic_backcast	不使用殖民塞内冈比亚行政范围；几内亚比绍支系外围不自动扩大。
tenda_culture	巴萨里—贝迪克丘陵、萨莱马塔与伊沃尔	salemata,iwol	unesco_bassari	ethnographic_backcast	集合身份仅用已明确巴萨里、贝迪克传统山区；不扩为全部塞内加尔东部，游戏两锚点在几内亚州。
manjak	卡谢乌—卡莱基斯沿海	cacheu	wiki:Manjak_people	ethnographic_backcast	保留曼贾克传统海岸核心，不包括全部几内亚比绍。
igala	尼日尔—贝努埃汇流处伊达腹地	idah	wiki:Igala_people	historical_core	伊达政权史只用以定位居民核心；不把附属及贡赋领土都当作本土。
orang_asli_culture	马来半岛内陆霹雳—彭亨原住民聚居带	gerik,kuala_lipis,pahang	orang_asli_land	ethnographic_backcast	保留用户同意的源游戏宽泛原住民标签；只作半岛核心的粗尺度投影，不把整片马来世界或婆罗洲纳入。
torajan_culture	苏拉威西萨丹河上游塔纳托拉查	toraja	unesco_toraja	historical_core	传统聚落及祖地的核心见证；游戏只有西里伯斯大州，不声称全岛同质。
tolaki_culture	东南苏拉威西科纳韦—梅孔加	unaaha,kendari	tolaki_dapobas	ethnographic_backcast	以托拉基具体核心为据；不把整个东南苏拉威西所有社群一并归入。
bahnar_culture	昆嵩—嘉莱北部中部高原	kon_tum	bahnar_dega	ethnographic_backcast	地理资料仅用于巴拿聚居区，不采纳来源组织的政治疆域主张；不等同全部高地民族。
atoni_culture	西帝汶内陆松拜—阿马努班高地	sombai,nunkolo	wiki:Atoni	ethnographic_backcast	只取西帝汶阿托尼传统核心；努沙登加拉州是游戏粗粒度，不表示全部小巽他岛屿为其本土。
palaung_culture	掸邦南散—涛鹏及滇西德宏德昂核心	namhsan,mangshi	wiki:Palaung_people,neac_palaung	ethnographic_backcast	同时保留边境两侧居民核心，不继承整个掸邦王国或所有孟高棉语分布。
wa_culture	萨尔温江以东佤山、班洪—西盟一带	gengma,mengdong	wiki:Wa_people	ethnographic_backcast	以历史佤山聚居区为据；不使用现代武装组织控制区当作历史本土。
gorontalo_culture	哥伦打洛—林博托盆地	gorontalo	wiki:Gorontalo_people	historical_core	居民盆地核心，不采用旧苏丹国全部附属领地。
minahasan_culture	米纳哈萨高地、万鸦老—通达诺	manado,amurang	wiki:Minahasan_people	ethnographic_backcast	只取半岛东北核心；不包含整个苏拉威西北臂所有民族。
sumba_culture	松巴岛本岛	sumba,waingapo	wiki:Sumba_people	ethnographic_backcast	岛内若干成员合并保留；不因小巽他州的粗尺度宣称其他岛屿为松巴旧居。
kaili_culture	帕卢谷地—锡吉、栋加拉	sigi,donggala	wiki:Kaili_people	ethnographic_backcast	仅卡伊利明确谷地核心，不外推到全部中苏拉威西居民。
dompu_culture	松巴哇东部比马—栋普	bima,dompu	wiki:Bima_people	historical_core	合并后的姆博乔文化同时保留比马与栋普两成员核心；不吞并松巴哇西部居民故土。
rma_culture	岷江上游汶川—茂县一带	wenchuan	neac_qiang	historical_core	只取羌族可定位近世聚居核心，不把古文献泛称西羌的全部地域授予现代对应文化。
tagbanwa_culture	巴拉望中北部及科隆附近传统聚居地	aborlan,busuanga	wiki:Tagbanwa_people	ethnographic_backcast	不把所有巴拉望原住民都改称塔格班瓦；游戏巴拉望落吕宋州是引擎尺度限制。
nashi_culture	丽江盆地及附近山地	tongan_lijiang	neac_naxi	historical_core	只取纳西旧核心，不把木氏统治扩张地全部认作纳西居民本土。
sedang_culture	昆嵩北部山地	kon_tum	wiki:Sedang_people	ethnographic_backcast	与巴拿居民核心分别记录；不采用19世纪短命色当王国领土宣称。
bontoc_culture	中央科迪勒拉奇科河上游邦托克谷地	balbalan	ncca_cordillera	ethnographic_backcast	源成员仅邦托克，不能把全体伊哥洛特统一算入。 巴尔巴兰为吕宋中央山地的区域见证，不把卡林加居民归为邦托克。
talaud_culture	塔劳群岛本岛	-	wiki:Talaud_language	withheld_map_resolution	身份及岛屿位置明确，但人口地理链接中无塔劳岛锚点，尚不能证明具体游戏州包含该岛；不借用邻近棉兰老或西里伯斯替代。
sui_culture	贵州三都—独山与都柳江上游	dushan,duyun	neac_shui	ethnographic_backcast	保留水族核心，不把整个侗台语言区授予水族。
mandarese_culture	西苏拉威西马杰内—波莱瓦利、巴拉尼帕	balanipa	wiki:Mandarese_people	historical_core	仅曼达尔海岸核心，不采用全部七国联盟影响圈。
pumi_culture	滇西北兰坪—宁蒗、永宁山地	yongning_baisheng,jianchuan	neac_pumi	ethnographic_backcast	两地作为核心山区落州见证；不以早期迁徙传说扩大至整个青藏高原。
kalinga_culture	奇科河中游卡林加山区	balbalan	ncca_cordillera	ethnographic_backcast	只取卡林加山区，猎首等殖民标签不是疆域依据。
mangyan_culture	民都洛岛山地	mamburao,mangarin	wiki:Mangyan	ethnographic_backcast	保留源标签内岛上多个成员；不把民都洛以外全部菲律宾原住民纳入。
monguor_culture	河湟谷地互助—大通的土族核心	datong_xining	neac_monguor	historical_core	大通在游戏落甘肃州；不是现代省界的青海州名推断，不以吐谷浑起源假说圈整个古国。
kankanaey_culture	西部山地省与本格特北部	tagudin	ncca_cordillera	ethnographic_backcast	与邦托克、伊富高保持分开的居民核心，不以整个科迪勒拉作同质领土。 塔古丁为西部科迪勒拉区域落吕宋州的见证，不声称伊洛戈海岸居民为坎卡奈。
gelao_culture	黔北务川—道真山地	wuchuan_sinan	neac_gelao	ethnographic_backcast	只取仡佬明确核心；不把古濮或僚等泛称当作单一连续民族边界。
mori_culture	中苏拉威西上拉阿—莫里谷地	mori_celebes	wiki:Mori_language	ethnographic_backcast	20世纪Mori分类有扩大用法；本方案限源对应莫里核心，不顺带囊括全部Padoe与邻族。
mongondow_culture	博朗蒙贡多谷地、苏拉威西北臂中段	solimandungan	wiki:Mongondow_people	ethnographic_backcast	区别米纳哈萨与哥伦打洛，州级重合不等于合并身份。
derung_culture	独龙江谷地	gongshan	neac_derung	ethnographic_backcast	贡山作行政区域见证，不声称整个贡山或怒江都是独龙同质文化。
aeta_culture	吕宋西部三描礼士—巴丹山地	botolan	wiki:Aeta_people	ethnographic_backcast	只取阿埃塔西吕宋核心，不把所有菲律宾尼格利陀社群视为同一文化。
nu_culture	怒江上游贡山—福贡谷地	gongshan,zhiziluo	neac_nu	ethnographic_backcast	沿怒江居民核心，不包括独龙江全谷或所有滇藏山地。
moronene_culture	东南苏拉威西龙比亚—波莱昂、邦巴纳	taubonto	moronene_brwa	ethnographic_backcast	现代传统领地登记仅证明区域核心与社群自述，不假装取得18世纪精准边界。
bonan_culture	18世纪青海同仁保安城周边	zeku	neac_bonan	historical_core	采用1860年代迁往甘肃大河家以前的同仁旧居；不把后来的积石山聚居区倒推到1780。 泽库只作同仁附近黄南地区落州见证，当前转换地图对应STATE_GANSU；游戏甘肃州不等于现代甘肃省。
sangirese_culture	桑吉赫群岛、桑吉大岛及锡奥	-	wiki:Sangir_people	withheld_map_resolution	历史群岛核心已明确，但当前地理链接无岛屿锚点；不把现代移民棉兰老或邻近万鸦老直接当作本土。
blang_culture	西双版纳勐海布朗山与邻近南云南山地	menghai	neac_blang	ethnographic_backcast	只用布朗明确旧聚居核心，不继承所有古濮居民地域。
pamona_culture	波索湖—波索河谷	poso	wiki:Pamona_people	ethnographic_backcast	只取帕莫纳具体核心，不把殖民泛称Toraja全部倒入。
isnag_culture	阿帕尧河上游、普德托尔附近	pudtol	ncca_cordillera	ethnographic_backcast	仅伊斯纳格核心，不等同全部吕宋北部原住民。
mambai_culture	东帝汶中部阿伊莱乌—毛比塞—萨梅山地	likusaen	wiki:Mambai_people	ethnographic_backcast	利基萨区域只作中西部落州见证，非全境族群归属；不继承整个东帝汶国家边界。
bungku_culture	苏拉威西东岸邦库—莫罗瓦利	bungku	wiki:Bungku_people	historical_core	邦库旧聚落核心，不把苏丹附属地或同语系范围全部赋本土。
tomini_culture	托米尼湾北岸山地	tomini,pendau	https://id.wikipedia.org/wiki/Suku_Tomini	ethnographic_backcast	Tomini源集合仅取湾北岸明确核心，不把卡伊利等已有独立文化再合并进去。
calusa_culture	佛罗里达西南卡卢萨哈奇河口及邻近海岸	caloosahatchee	calusa_museum	historical_core	按早期接触时核心为战役仍存续身份保留本土，不声称现实1780年仍有同规模独立政体。
timucua_culture	佛罗里达东北圣奥古斯丁及蒂穆夸核心	timucua	timucua_museum	historical_core	源游戏保留的历史身份可沿用较早核心；不把语言共同体所有扩散地都当作单一政权疆域。
atakapa_culture	路易斯安那西南卡尔卡修至德州东南沿海	calcasieu,ishak	tsha_atakapa	historical_core	按海岸居民核心，不继承所有所谓阿塔卡帕语言关联群体的分布。
natchez_culture	纳奇兹及蒂乌的密西西比河居民核心	natchez,tiou	nps_natchez	historical_core	合并成员纳奇兹与蒂乌都保留故土；1730年代流散不能把全部避难地自动变为本土。
bayagoula_culture	密西西比河下游巴尤古拉附近	itihumma	swanton_1911	historical_core	依据17—18世纪聚落记录；不采用旧民族志种族分类或殖民评价。 itihumma为密西西比河下游区域见证，不证明该地点所有人口属于巴尤古拉。
ohlone_culture	旧金山湾南侧半岛及东湾	chochenyo	nps_ohlone	historical_core	区域内多个奥隆社群以游戏文化合并表达；不把整个加利福尼亚都说成奥隆核心。
kalapuyan_culture	俄勒冈威拉米特河谷	kalapuya	oregon_kalapuya	historical_core	使用传统谷地范围，不把后来保留地所汇集的所有民族都称卡拉普亚。
wintuan_culture	萨克拉门托河上中游温图、诺姆拉基及帕特温聚居带	wintu,hill_nomlaki,suisin	california_museum	composite_member_cores	合并文化保留三个成员核心；博物馆图用于传统地理，不采用其过时的语言总分类。
sahaptin_culture	亚基马—帕卢斯及哥伦比亚河中游	pa_lus_sa,klikitat	yakama_history	composite_member_cores	保留雅基马、帕卢斯及其他源萨哈普廷核心；不把远距离野牛狩猎地或整个条约割让地一概当作居民核心。
chinook_culture	哥伦比亚河口两岸	chinook	chinook_nation	historical_core	俄勒冈和华盛顿两岸均属历史河口核心；不把贸易网络或通用语流行范围当作本土。
miwok_culture	加州中央山麓及马林海岸米沃克核心	kasumne,koloma	california_museum,nps_ohlone	composite_member_cores	按源文化保留米沃克集合；不等同全部加州原住民，沿海与内陆有分支区别。
maiduan_culture	北内华达山麓迈杜—孔科聚居区	konkow	california_museum	composite_member_cores	保留迈杜与Koyoongkawi成员；尼塞南仍为单独源文化，不利用语言关系吞并。
north_valley_yokut_culture	圣华金谷地中北段与山麓约库茨核心	chawchila,tulumni	california_museum	composite_member_cores	合并北谷、山麓及图卢姆尼成员；不扩为整片加州语言分类区。
molalla_culture	俄勒冈喀斯喀特山西麓	south_molala	oregon_molalla	ethnographic_backcast	只取俄勒冈山地传统核心，不把摩拉拉与卡拉普亚混成一类。
chitimacha_culture	路易斯安那南部阿查法拉亚流域	atchafalaya	chitimacha_nation	historical_core	部族自身历史定位湿地核心；不把现代保留地边界当作唯一历史范围。
nisenan_culture	萨克拉门托河东侧与美洲河—尤巴河山麓	nisenan	california_museum	ethnographic_backcast	保留尼塞南独立身份，语言分类上的迈杜关系不导致自动合并。
takelma_culture	俄勒冈罗格河与伊利诺伊河谷	tak_elam	nps_takelma	historical_core	限罗格河核心，区别沿岸其他居民；不依据迁入保留地扩大。
avoyel_culture	路易斯安那红河下游、马克斯维尔附近	catahoula	swanton_1911	historical_core	用早期聚落记载，不把整个纳奇托什地区或所有图尼卡关联群体合并。 卡塔胡拉为红河下游区域见证，不把全部同名湖区居民算作阿沃耶尔。
taensa_culture	路易斯安那滕萨斯湖与密西西比河西岸	tensas	swanton_1911	historical_core	采用17世纪定居核心，后期迁徙地未全部授予；区别纳奇兹与滕萨居民身份。
ewksikni_culture	克拉马斯上湖及周边河谷	ewksikni	klamath_tribes	historical_core	固定源键对应克拉马斯本身；不把莫多克、亚胡斯金所有领地无差别合并。
willetpoos_culture	俄勒冈东北尤马蒂拉—蓝山卡尤塞核心	liksiyu	ctuir_history	historical_core	按已核对源身份为卡尤塞，不误读成瓦拉瓦拉；季节性远征猎区不扩大本土。
modokni_culture	图勒湖、熔岩床及俄勒冈—加州边境莫多克核心	giiwas,modokni	nps_modoc	historical_core	只取传统湖区，不把流放俄克拉何马直接变为本土。
tongva_culture	洛杉矶盆地、圣加布里埃尔河附近	yaanga	california_museum	ethnographic_backcast	Gabrielino为传教站称呼；不能因此把该站全部被迁入人口故土授予通瓦。
taaqtam_culture	圣贝纳迪诺山地及邻近塞拉诺谷地	taaqtam	california_museum	ethnographic_backcast	源键对应塞拉诺核心，不把整个南加州邻族领土都并入。
wiyot_culture	洪堡湾、伊尔河下游	jaroujiji	california_museum	ethnographic_backcast	仅维约特海岸核心；不套用语言亲缘地理。
tocobaga_culture	坦帕湾及佛罗里达中西部海岸	mocozo	tocobaga_uf	historical_core	区域见证不表示Mocoso所有居民就是Tocobaga；采用早期接触核心而非全佛罗里达。
yurok_culture	克拉马斯河下游及北加州海岸	oohl	california_museum	ethnographic_backcast	保留尤罗克下游核心，区别上游克拉马斯文化。
coos_culture	库斯湾、库斯河及滕迈尔海岸	ko_kwel	oregon_coos	historical_core	只取库斯传统湾岸聚落，不因现代联合部族组织而授予所有成员故土。
tlingit_culture	阿拉斯加东南海岸与群岛	aa_kw	tlingit_alaska	ethnographic_backcast	有限海岸核心投影，不以现代阿拉斯加全州名称声称全境特林吉特同质。
eyak_culture	铜河三角洲与科尔多瓦附近海岸	daxunhyuu	eyak_nation	ethnographic_backcast	现代Eyak部族组织含多种身份；这里只取埃亚克语言居民传统铜河核心。
quasmigdo_culture	德州布拉索斯河与特里尼蒂河之间的比代聚落	bidai	tsha_bidai	historical_core	固定游戏注释明确此键为Bidai；不按键的拼写猜另一民族，传教站混居不证明所有成员语言相同。
xumani_culture	德州佩科斯河下游至科罗拉多河的胡马诺核心	xumani	tsha_jumano	historical_core	固定EU5注释对应Jumano，绝非南非ǂKhomani；殖民Jumano一词多义，限德州持久核心，不把跨大陆商路全授予。
yoli_culture	奇瓦瓦康乔斯河中游	yoli,julime	conchos_monument	historical_core	固定源注释对应Conchos；只用地方史聚居地点，不采用文献对民族发展的殖民等级评价。
coahuilteco_culture	德州南部及科阿韦拉东北半干旱地带	yanaguana,cacaxtles	tsha_coahuiltecan	historical_core	此源标签是多群体集合，限早期文献明确的区域核心，不以假定共同语言扩至整个墨西哥北部。
guamar_culture	瓜纳华托中北部瓜马尔核心	guanchenis	guamar_history	historical_core	不把整个奇奇梅克泛称都认作瓜马尔；联盟影响范围不等于居民故土。
iztachichimecah_culture	Iztac Chichimeca源标签的独立成员与边界尚未可证	-	inpi_chichimeca	withheld_label_scope	现有资料能证实奇奇梅克泛称和若干具体民族，不能可靠单独定位这个源标签；不把现代Chichimeca Jonaz自动替换过去。
guachichil_culture	圣路易斯波托西—萨卡特卡斯东部瓜奇奇尔核心	tangamanga,guachichil	wiki:Guachichil	historical_core	只采用较明确近世腹地，贸易活动、战争范围及现代复兴群体分布不全部转换成本土。
opata_culture	索诺拉河谷阿孔奇—奥波苏拉腹地	aconchi,oposura	opata_nation	historical_core	只取奥帕特里亚传统核心；不把19世纪避难及跨境迁居地自动变成本土。
zacatecah_culture	萨卡特卡斯高原旧聚居核心	tlacuitlapan,cuencame	wiki:Zacateco	historical_core	按具体萨卡特科身份，不把现代萨卡特卡斯州所有居民归入，也不套用整个奇奇梅克范围。
tepecan_culture	博拉尼奥斯峡谷、阿斯克尔坦附近	tepecan	tepecano_research	historical_core	以特佩卡诺谷地核心定位；游戏落州依地图，不以现代哈利斯科州名硬套。
acaxee_culture	西马德雷托皮亚—塔马苏拉山地	topia,tamazula	acaxee_ilce	historical_core	居民山地核心，旧文献的食人或文明等级描述不作为民族设定依据。
tahue_culture	库利亚坎谷地及皮亚斯特拉河以北低地	culiacan	sinaloa_semarnat	historical_core	区别南面的托托拉梅；不以现代锡那罗亚全州边界直接套民族范围。
caxcan_culture	特乌尔—胡奇皮拉及邻近峡谷	teulinchan,xochipillan	caxcan_inah	historical_core	保留早期接触时聚居核心；不扩张为米克斯顿战争全部参战地区。
raramuri_culture	奇瓦瓦塔拉乌马拉山地	gonogochi,papigochic	raramuri_inpi	ethnographic_backcast	只取本族山地核心，不把尤托阿兹特克语系范围当作故土。
sauzas_culture	瓜纳华托北部—圣路易斯波托西南部	sauzas	https://es.wikipedia.org/wiki/Sauzas	historical_core	源注释与文献均将其置于瓜奇奇尔—瓜马尔关系中；仍保留独立源身份，只给狭义核心而非两个集团全部疆域。
totorame_culture	马萨特兰—埃斯奎纳帕及皮亚斯特拉河以南海岸	mazatlan	sinaloa_semarnat	historical_core	与北侧塔韦区分；不扩为西马德雷山区所有居民。
tamauliteco_culture	塔毛利帕斯沿海泛称，成员与具体时代不明	-	tamaulipas_history	withheld_label_scope	地方史列出多个不同居民，尚不足证明此源文化独立核心；不直接给整个现代塔毛利帕斯州。
tepehuan_culture	杜兰戈南部奥达姆高地	odam	https://catalogo.inpi.gob.mx/odam-audam-tepehuano-del-sur/	ethnographic_backcast	固定EU5注释为O’dam，严格采用南特佩瓦诺核心；不把奇瓦瓦北特佩瓦诺Odami的全部范围一并授予。
tapachultec_culture	索科努斯科塔帕丘拉附近	tenamitl	wiki:Tapachultec_language	historical_core	有历史语言记录支持小地域核心；不把推测的伊萨帕或莫卡亚远古影响区当作直接连续民族故土。 tenamitl仅作索科努斯科区域见证，不将源政权统治身份当居民身份。
guasave_culture	锡那罗亚河下游瓜萨韦平原	sinaloa	guasave_history	historical_core	用地区聚落史，不把卡伊塔等邻族的全部领地合并到本文化。
xixime_culture	杜兰戈—锡那罗亚交界的西马德雷山地	tamazula,tayoltita	acaxee_ilce	historical_core	采用西希梅山区核心；殖民战争记录不作为族群性格或文明等级依据。
toboso_culture	博尔松德马皮米及杜兰戈东北干旱地带	mapimi	tsha_toboso	historical_core	使用历史活动核心，不把横跨新西班牙北部的袭击路线全作本土。
otomanguean_culture	奥托曼格语言分类，源标签未冻结具体居民成员	-	wiki:Oto-Manguean_languages	withheld_label_scope	不能把瓦哈卡到中墨西哥全部同语系民族本土一并赋予该集合；保持源人口身份，暂不新增本土。
barbakoan_culture	巴尔巴科安集合标签，尚未明确与阿瓦等独立成员的排他关系	-	wiki:Barbacoan_languages	withheld_label_scope	语言分类本身不能证明居民共同故土；不继承所有巴尔巴科安语居民范围。
pazioca_culture	卡尔查基诸谷地与图库曼西部迪亚吉塔核心	kilmes,tolombon	wiki:Diaguita	historical_core	Pazioca源身份按迪亚吉塔历史核心处理；不把阿根廷—智利整个同名现代认同范围一律囊括。
guancavilca_culture	厄瓜多尔圣埃莱娜半岛—瓜亚斯沿岸	guancavilca	guancavilca_inpc	historical_core	早期接触与殖民连续聚居核心；不把整个曼特尼奥—万卡维尔卡考古影响区等同单一民族疆域。
tallan_culture	皮乌拉下游、卡塔考斯—纳里瓦拉与奇拉谷地	chira,nariguala	tallan_municipal	historical_core	沿海谷地核心；不把西北秘鲁全部都视为塔扬居民。
jama_coaque_culture	厄瓜多尔马纳比北部哈马—科阿克	jama	jama_met	archaeological_survival	这是较早考古文化的地域核心，仅为源战役中继续存续的身份提供设计；不能据此声称现实1780年有同名统一民族。
chicha_culture	玻利维亚南部图皮萨—科塔盖塔谷地	tupiza	https://es.wikipedia.org/wiki/Chichas	historical_core	采用奇恰居民谷地核心，不继承后世省界或印加征服最大范围。
kanari_culture	卡尼亚尔—阿苏艾高地、哈通卡尼亚尔	hatun_kanar	canar_inpc	historical_core	保留卡尼亚尔核心，不把印加迁民散布各地的位置全部转成本土。
licanantay_culture	圣佩德罗德阿塔卡马绿洲群	tulor	licanantay_museum	historical_core	采用阿塔卡马绿洲聚居核心；不按同名远距离地点或全部沙漠范围授予。
cabecar_culture	哥斯达黎加塔拉曼卡山地	kabeka	wiki:Cab%C3%A9car_people	ethnographic_backcast	与布里布里等邻族分别保留；现代保留地不是唯一历史范围。
cara_culture	厄瓜多尔北部卡兰基—奥塔瓦洛高地	caran,otavalo	caranqui_research	historical_core	按卡兰基近世居民及考古核心解释源Cara；不采用传说中的统一基多王国作为民族疆域。
casma_culture	秘鲁卡斯马河谷、普尔加托里奥附近	manchan	casma_penn	archaeological_survival	指中晚期卡斯马文化核心，不把更早塞钦遗址文化或全部陶器影响区混成同一连续民族。
charka_culture	查尔卡斯—楚基萨卡高地的历史居民核心	charka	https://es.wikipedia.org/wiki/Pueblo_charca	historical_core	只取查尔卡居民高地核心；不继承殖民查尔卡斯审问院巨幅行政疆域。
andaqui_culture	卡克塔上游、安达基—卡瓜恩山麓	andaki,caguan	https://es.wikipedia.org/wiki/Andaqu%C3%AD	historical_core	采用哥伦比亚南部安第斯东麓核心；不把整个亚马孙流域归给单一民族。
tahami_culture	安蒂奥基亚东部里奥内格罗及邻近谷地	tahamies	https://es.wikipedia.org/wiki/Taham%C3%ADes	historical_core	实际游戏锚点可能跨现代州名，不按现代安蒂奥基亚边界重画；仅依据历史居民核心。
boruca_culture	哥斯达黎加西南博鲁卡—特拉巴河下游	boruca	wiki:Boruca	ethnographic_backcast	只取博鲁卡传统核心，不因传教区合并而占有塔拉曼卡全部民族本土。
pashash_culture	秘鲁安卡什卡瓦纳—帕沙什遗址附近	pashas	pashash_uea	archaeological_survival	早期历史/考古身份的区域核心，不声称现实1780年存在同名独立民族；不能用雷库艾艺术扩散圈当居民范围。
sutagao_culture	苏马帕斯、富萨加苏加盆地	pasca	wiki:Sutagao_people	historical_core	帕斯卡为同一盆地落州见证，并非声称所有穆伊斯卡邻居均属苏塔高。
timanae_culture	马格达莱纳河上游蒂马纳—韦拉地区	timana	https://es.wikipedia.org/wiki/Timanaes	historical_core	采用蒂马纳居民核心，不把亚尔孔等战争联盟所有成员故土一并继承。
guayacundo_culture	皮乌拉高地阿亚瓦卡—万卡班巴	guayacundo,ayahuacas	guayacundo_pucp	historical_core	与塔扬海岸文化区分；不采用印加行政区的全部范围。
yampara_culture	苏克雷—约塔拉及亚姆帕拉谷地	yamparaez	https://www.abc.gob.bo/wp-content/uploads/2025/10/Interactivo-Sucre-Yampara%CC%81ez_compressed-1.pdf	historical_core	近世亚姆帕拉核心与后期Tarabuco多群体认同区分；不把现代文化区完整倒推。
puruha_culture	钦博拉索里奥班巴—利里班巴盆地	liribamba	wiki:Puruh%C3%A1	historical_core	只用普鲁哈明确核心，不把整个厄瓜多尔高地视为单一民族。
guna_culture	达连北部及卡雷塔附近历史古纳核心	careta,kuna	wiki:Guna_people	historical_core	历史大陆核心与后期向圣布拉斯岛迁居分开；不把全部巴拿马自动授予。
uru_culture	波波湖—德萨瓜德罗河水域及乌鲁聚落	uru,aullagas	wiki:Uru_people	historical_core	湖岸湿地居民核心，不把所有高原湖泊或艾马拉统治区都归给乌鲁。
chiribaya_culture	伊洛—奥斯莫雷河谷	tacna,puquina	chiribaya_museum	archaeological_survival	采用考古文化区域核心，为源存续身份设计；不把器物分布当1780居民统计。 塔克纳—普基纳仅为莫克瓜/伊洛所在游戏阿雷基帕州的区域见证，不将它们全称为奇里巴亚文化核心。
tsachila_culture	圣多明各山麓、科罗拉多旧聚居区	tsachila	gptsachila	historical_core	历史称谓与现代Tsáchila对应只用于本地核心；不扩大至全部厄瓜多尔西部。
cholon_culture	瓦亚加河上游—中游的乔隆历史语区	rupharupha	cholon_research	historical_core	历史语言与地名材料只能支持有限谷地核心，不把全部安第斯东麓语言联系区都授予。 Rupharupha为瓦亚加河谷落州见证；不将该地点所有原住民归入乔隆。
mayangna_culture	尼加拉瓜博萨瓦斯内陆及乌尔瓦卡拉瓦拉核心	ukutal,ulwas,karawala	mayangna_marena	composite_member_cores	合并玛扬纳与乌尔瓦时保留两个成员核心；不能因语言分类自动把米斯基托故土加入。 Ukutal为尼加拉瓜内陆区域见证，Ulwas/Karawala补充乌尔瓦成员；不宣称Ukutal全体居民为玛扬纳。
puben_culture	波帕扬—普本萨谷地	purace	https://es.wikipedia.org/wiki/Pubenenses	historical_core	前殖民谷地居民核心；不把整个考卡行政区或纳萨等邻族故土吞并。 Puracé为波帕扬周边谷地所在州见证，不把普拉塞居民的其他身份合并。
bagua_culture	秘鲁巴瓜盆地、马拉尼翁河与乌特库班巴汇流处	bagua	https://es.wikipedia.org/wiki/Lenguas_preincaicas_de_la_cuenca_del_Mara%C3%B1%C3%B3n	historical_core	历史巴瓜语言资料有限，不能从可能的亲缘关系扩大领地；仅保留同名盆地核心。
rama_culture	尼加拉瓜东南沿海、拉马河与布卢菲尔兹附近	rama	wiki:Rama_people	ethnographic_backcast	只取拉马传统核心，不包括整个米斯基托海岸所有居民。
chillque_culture	库斯科附近帕卡里坦博—奇尔克谷地	maukallaqta,qusqu	chillque_research	historical_core	库斯科周边游戏落州不按现代ICA地名理解；不把全部印加核心居民等同奇尔克。
ngabe_culture	巴拿马西部奇里基—贝拉瓜斯山地	chiriqui,veragua	wiki:Ng%C3%A4be	ethnographic_backcast	保留恩加贝核心，与布格莱等邻族区分；不采用现代自治 comarca 全部边界代替历史聚居。
chitarero_culture	哥伦比亚东北潘普洛纳及邻近山地	chitagaes	pamplona_history	historical_core	仅奇塔雷罗山地核心，不把后期行政区所有人口视为同族。
uwa_culture	科库伊雪山及其东侧库瓦拉山麓	cubara	onic_uwa	ethnographic_backcast	乌瓦组织的传统核心地理；不将现代领土诉求中的每一条边界当作1780已精确验证。
tastil_culture	萨尔塔托罗峡谷、圣罗莎德塔斯蒂尔	tastil	tastil_museum	archaeological_survival	考古聚落核心；给战役存续身份保留祖地，不声称现实1780存在同名独立民族国家。
collique_culture	秘鲁奇永河下游科利克谷地	collique	collique_history	historical_core	与上游坎塔居民区分；不把整个利马区域归于同一历史身份。
canta_culture	秘鲁奇永河上游坎塔—坎塔马尔卡	cantamarca	canta_research	historical_core	以谷地核心为据，不用印加或利马行政疆域扩大。
nutabe_culture	考卡河中游伊图安戈—托莱多山地	xundabe	onic_nutabe	historical_core	仅努塔贝核心，与塔哈米等相邻历史居民分别记录。
awa_culture	哥伦比亚纳里尼奥—厄瓜多尔北部太平洋山麓	tapaje,iscuande	awa_minambiente	ethnographic_backcast	只授予可定位哥伦比亚山麓核心；不能把巴尔巴科安语族全体领地给阿瓦，厄瓜多尔外围暂不额外扩张。
waunana_culture	乔科圣胡安河中下游	noanama	https://www.onic.org.co/waunana/	ethnographic_backcast	保留沃南具体居民核心；不以现代Emberá-Wounaan行政合称混为同一民族。
embera_culture	乔科阿特拉托—鲍多河及18世纪已进入的达连核心	choco,baudo,chepo	embera_panama	historical_core	区分乔科旧核心与18世纪迁入达连；迁入时序有记录才纳入，不继承所有现代迁居地。
omaguaca_culture	胡胡伊乌马瓦卡峡谷	omaguacas,tilcara	omaguaca_history	historical_core	仅峡谷传统居民核心；不采用整个胡胡伊省或印加边疆行政范围。
